<?xml version="1.0" encoding="utf-8"?>
<openerp>
    <data>
        <record id="view_allowed_products_users_form" model="ir.ui.view">
            <field name="name">user_product_restriction.users.form</field>
            <field name="model">res.users</field>
            <field name="inherit_id" ref="base.view_users_form"/>
            <field name="arch" type="xml">
                <notebook position="inside">
                    <page string="Allowed Products" attrs="{'invisible': [('name', '==', 'Administrator')]}">
                        <group>
                            <field name="user_product_ids" nolabel="1" colspan="2"/>
                        </group>
                    </page>
                </notebook>
            </field>
        </record>
    </data>
</openerp>